tag,count,sources,datasetRoles
star wars reference,1,userTags,public
star wars universe,1,userTags,collaborative_support
starfighter,1,userTags,collaborative_support
starfish,1,keywords,public
stargazing,1,keywords,public
stark sands,1,userTags,collaborative_support
starlet,1,keywords|userTags,collaborative_support
starring rappers,1,userTags,collaborative_support
starry-eyed,1,userTags,collaborative_support
starship pilots,1,userTags,public
starship troopers series,1,userTags,collaborative_support
starships,1,keywords,collaborative_support
start is better than the rest of the movie,1,userTags,collaborative_support
start over,1,userTags,collaborative_support
start-up,1,userTags,public
startede lidt kedeligt og intetsigende,1,userTags,collaborative_support
startling,1,userTags,collaborative_support
startling enhancement,1,userTags,collaborative_support
starts intense bug ends suddenly and with no oomph,1,userTags,collaborative_support
starts out original,1,userTags,collaborative_support
starts weak ends strong,1,userTags,collaborative_support
startup,1,userTags,collaborative_support
startups,1,userTags,public
starz,1,userTags,collaborative_support
state department,1,keywords,collaborative_support
state police,1,keywords,collaborative_support
state prison,1,keywords|userTags,collaborative_support
state security,1,keywords,collaborative_support
state terrorism,1,userTags,collaborative_support
state trooper,1,keywords,collaborative_support
stately,1,userTags,public
staten island new york city,1,userTags,collaborative_support
statesman,1,keywords|userTags,collaborative_support
static camera,1,userTags,collaborative_support
stationmaster,1,keywords,public
stato di grazia,1,userTags,collaborative_support
statuory rape,1,userTags,collaborative_support
stau,1,userTags,collaborative_support
stay out!,1,userTags,collaborative_support
stay permit,1,keywords,collaborative_support
stay-at-home mom,1,keywords,collaborative_support
staying awake,1,keywords,collaborative_support
staying true,1,userTags,collaborative_support
std,1,userTags,collaborative_support
std horror,1,userTags,collaborative_support
steal,1,keywords|userTags,collaborative_support
stealth aircraft,1,keywords|userTags,collaborative_support
stealth technology,1,keywords,collaborative_support
steam,1,keywords,public
steam room,1,keywords,collaborative_support
steam train,1,keywords,collaborative_support
steam-punk,1,userTags,collaborative_support
steamboat,1,keywords|userTags,collaborative_support
steamy,1,userTags,collaborative_support
steel worker,1,keywords,collaborative_support
stefano sollima,1,userTags,collaborative_support
stegosaurus,1,keywords,collaborative_support
steins;gate,1,userTags,public
steinzeit,1,userTags,public
stem,1,userTags,collaborative_support
stenographer,1,keywords,public
step brothers vibe,1,userTags,collaborative_support
step parents,1,keywords,public
step siblings,1,userTags,collaborative_support
step son,1,userTags,collaborative_support
step up,1,userTags,public
stepdaughter,1,userTags,collaborative_support
stephanie moore,1,userTags,collaborative_support
stephen baldwin,1,userTags,collaborative_support
stephen belber,1,userTags,collaborative_support
stephen campbell moore,1,userTags,collaborative_support
stephen colbert,1,userTags,collaborative_support
stephen daldry,1,userTags,collaborative_support
stephen dillane,1,userTags,collaborative_support
stephen dorff,1,userTags,collaborative_support
stephen gevedon,1,userTags,collaborative_support
stephen hopkins,1,userTags,collaborative_support
stephen j. anderson,1,userTags,public
stephen lang,1,userTags,collaborative_support
stephen mccole,1,userTags,collaborative_support
stephen norrington,1,userTags,public
stephen sommers,1,userTags,collaborative_support
stepmom,1,userTags,public
stepmother stepdaughter relationship,1,keywords,collaborative_support
stepmother stepson relationship,1,keywords,collaborative_support
steppe,1,userTags,collaborative_support
stepsisters,1,userTags,collaborative_support
stepson,1,keywords,collaborative_support
stereotype:gay,1,userTags,public
stereotyped men and women,1,userTags,public
stereotyped roles,1,userTags,public
sterile acting,1,userTags,collaborative_support
sterility,1,keywords|userTags,collaborative_support
stern,1,keywords,collaborative_support
stethoscope,1,keywords,collaborative_support
"steve ""lips"" kudlow",1,userTags,public
steve barron,1,userTags,collaborative_support
steve buschemi,1,userTags,public
steve carr,1,userTags,public
steve carrel,1,userTags,public
steve guttenberg,1,userTags,collaborative_support
steve irwin,1,userTags,public
steve jablonsky,1,userTags,collaborative_support
steve james,1,userTags,collaborative_support
steve martin is scraping the bottom hard!,1,userTags,collaborative_support
steve pink,1,userTags,public
steve whitmire,1,userTags,collaborative_support
steven cantor,1,userTags,collaborative_support
steven culp,1,userTags,collaborative_support
steven e. de souza,1,userTags,collaborative_support
steven r. mcqueen,1,userTags,collaborative_support
steven robertson,1,userTags,collaborative_support
steven universe,1,userTags,public
steven van wormer,1,userTags,collaborative_support
steven wright,1,userTags,collaborative_support
steven yeun,1,userTags,collaborative_support
steven zaillian,1,userTags,collaborative_support
stevie wonder,1,userTags,public
stew,1,userTags,public
sti,1,userTags,collaborative_support
stich,1,keywords|userTags,collaborative_support
stick figures,1,keywords|userTags,public
sticky fingaz,1,userTags,collaborative_support
stig,1,userTags,collaborative_support
stigma,1,userTags,public
stigmatising mental illness,1,userTags,collaborative_support
still in love,1,keywords,public
stillbirth,1,keywords,collaborative_support
stiller&wilson,1,userTags,public
stilted acting,1,userTags,collaborative_support
stilted dialogue,1,userTags,collaborative_support
stinking heap of shit,1,userTags,public
stipe erceg,1,userTags,collaborative_support
stirring,1,userTags,public
stirrups,1,userTags,collaborative_support
stock car,1,keywords,collaborative_support
stock footage,1,userTags,collaborative_support
stock fraud,1,userTags,collaborative_support
stock price,1,keywords|userTags,collaborative_support
stockade,1,keywords|userTags,collaborative_support
stockholm syndrom,1,userTags,public
stoic,1,userTags,collaborative_support
stolen drugs,1,keywords,collaborative_support
stolen generation,1,keywords|userTags,public
stolen life,1,keywords,collaborative_support
stolen novel,1,userTags,collaborative_support
stolen patent,1,keywords|userTags,public
stolen pet,1,keywords|userTags,collaborative_support
stolen treasure,1,keywords,public
stolen truck,1,userTags,collaborative_support
stomach wound,1,userTags,collaborative_support
stone throwing,1,userTags,collaborative_support
stoned,1,keywords,collaborative_support
stonehenge,1,keywords,public
stoner rock,1,userTags,collaborative_support
stones of summer,1,userTags,collaborative_support
stonewall riot,1,keywords,collaborative_support
stoning,1,keywords|userTags,collaborative_support
stoooopid,1,userTags,collaborative_support
stop action animation,1,userTags,public
stop frame,1,keywords,public
stop looking at me swan,1,userTags,collaborative_support
stop using useless characters for filler,1,userTags,public
stop wedding,1,keywords,collaborative_support
stop-motion animation,1,userTags,public
stopmotion,1,userTags,public
stoppard,1,userTags,collaborative_support
stopping time,1,userTags,public
storem,1,keywords|userTags,collaborative_support
stories,1,userTags,collaborative_support
storm shelter,1,keywords|userTags,collaborative_support
story building,1,userTags,collaborative_support
story line,1,userTags,collaborative_support
story telling,1,userTags,public
story told from different viewpoints,1,userTags,collaborative_support
story-based,1,userTags,collaborative_support
story-plot,1,userTags,collaborative_support
storybook,1,keywords,public
strafzettel,1,keywords|userTags,collaborative_support
straight,1,userTags,collaborative_support
straight forward,1,userTags,collaborative_support
straight to video,1,userTags,public
straightjacket,1,userTags,collaborative_support
strained relationship,1,keywords,collaborative_support
stranded at sea,1,keywords,collaborative_support
stranded hero,1,userTags,public
stranded in the desert,1,userTags,collaborative_support
stranded traveler,1,keywords,public
stranding,1,userTags,collaborative_support
strange animals,1,userTags,public
strange character,1,userTags,collaborative_support
strange ending,1,userTags,collaborative_support
strange events,1,keywords,collaborative_support
strange noise,1,keywords,collaborative_support
strangely funny,1,userTags,public
stranger danger,1,userTags,public
stranger things imitation,1,userTags,collaborative_support
strangler,1,keywords,collaborative_support
strapped down,1,keywords|userTags,collaborative_support
strategic conflict,1,keywords,collaborative_support
strawman,1,userTags,public
streaking,1,keywords|userTags,collaborative_support
streep strong & funny,1,userTags,public
street,1,userTags,collaborative_support
street child,1,keywords,public
street crime,1,keywords|userTags,collaborative_support
street fighting,1,userTags,collaborative_support
street food,1,userTags,collaborative_support
street gangs,1,userTags,collaborative_support
street performer,1,keywords|userTags,collaborative_support
street poetry,1,userTags,collaborative_support
street prostitution,1,userTags,collaborative_support
street urchin,1,keywords,collaborative_support
street vendor,1,keywords|userTags,collaborative_support
street violence,1,userTags,collaborative_support
street walker,1,userTags,collaborative_support
streetball,1,keywords|userTags,collaborative_support
streets,1,userTags,collaborative_support
streetwise,1,keywords|userTags,collaborative_support
strength through music,1,userTags,public
strength training,1,keywords|userTags,public
stressfull,1,userTags,collaborative_support
stretches the premise too far,1,userTags,collaborative_support
strict father,1,keywords,public
strict sister,1,keywords,collaborative_support
striking imagery,1,userTags,public
string,1,keywords|userTags,collaborative_support
stringer,1,keywords,collaborative_support
strip,1,keywords|userTags,collaborative_support
strip show,1,keywords,collaborative_support
strobe light,1,userTags,collaborative_support
strong & silent type,1,userTags,collaborative_support
strong acting,1,userTags,collaborative_support
strong beginning,1,userTags,collaborative_support
strong cast,1,userTags,collaborative_support
strong characterisation,1,userTags,collaborative_support
strong characters,1,userTags,collaborative_support
strong demon,1,userTags,collaborative_support
strong father,1,userTags,collaborative_support
strong feeling of threat,1,userTags,collaborative_support
strong female leads,1,userTags,public
strong female presence,1,userTags,collaborative_support
strong performance,1,userTags,collaborative_support
strong performances,1,userTags,collaborative_support
strong performances carry this flick,1,userTags,collaborative_support
strong romantic subplot,1,userTags,collaborative_support
strong room,1,userTags,collaborative_support
strong score,1,userTags,collaborative_support
strong sexual content,1,userTags,collaborative_support
strong soundtrack,1,userTags,collaborative_support
strong start,1,userTags,collaborative_support
strong start weak finish,1,userTags,public
strong theme,1,userTags,collaborative_support
strong will,1,userTags,public
strong-minded characters,1,userTags,collaborative_support
structural engineer,1,keywords,collaborative_support
struensee,1,userTags,collaborative_support
struggling,1,keywords,collaborative_support
struggling business,1,userTags,collaborative_support
struggling playwright,1,keywords,collaborative_support
stuart gordon,1,userTags,collaborative_support
stuart lafferty,1,userTags,collaborative_support
stuart little,1,userTags,collaborative_support
stuart sutcliffe,1,keywords|userTags,collaborative_support
stuart wilson,1,userTags,collaborative_support
stuck in elevator,1,keywords,collaborative_support
student activists,1,userTags,collaborative_support
student and teacher romance,1,userTags,collaborative_support
student council,1,keywords,collaborative_support
student detectives,1,userTags,collaborative_support
student film,1,userTags,collaborative_support
student girl,1,keywords,collaborative_support
student loan,1,userTags,collaborative_support
student movie,1,userTags,public
student protest,1,keywords,collaborative_support
student visa,1,keywords|userTags,public
studio interference,1,userTags,public
studio laika,1,userTags,collaborative_support
studio ponoc,1,userTags,public
studio system,1,keywords,collaborative_support
studio tour,1,keywords,public
studying for an exam,1,userTags,collaborative_support
stunning photography,1,userTags,collaborative_support
stunt double,1,keywords|userTags,collaborative_support
stunt driver,1,keywords,collaborative_support
stunt flying,1,keywords,collaborative_support
stunt master,1,keywords|userTags,collaborative_support
stunt riding,1,keywords,public
stunt woman,1,userTags,collaborative_support
stunting,1,keywords,collaborative_support
stuntmen,1,keywords,collaborative_support
stuntperson,1,keywords,collaborative_support
stupid :),1,userTags,public
stupid accent,1,userTags,collaborative_support
stupid and unnecessary,1,userTags,collaborative_support
stupid as f**k,1,userTags,collaborative_support
stupid character,1,userTags,collaborative_support
stupid children ruin everything,1,userTags,collaborative_support
stupid choices,1,userTags,collaborative_support
stupid comedy,1,userTags,public
stupid criminal,1,userTags,collaborative_support
stupid criminals,1,userTags,collaborative_support
stupid dance movie,1,userTags,collaborative_support
stupid deaths,1,userTags,collaborative_support
stupid dialogue,1,userTags,collaborative_support
stupid heroes,1,userTags,collaborative_support
stupid hick crap,1,userTags,public
stupid idea,1,userTags,public
stupid jokes,1,userTags,collaborative_support
stupid kids,1,userTags,collaborative_support
stupid last comment,1,userTags,collaborative_support
stupid metaphors,1,userTags,collaborative_support
stupid monsters,1,userTags,collaborative_support
stupid story,1,userTags,public
stupid teenagers,1,userTags,collaborative_support
stupid view of the future,1,userTags,collaborative_support
styling,1,userTags,collaborative_support
stylized action,1,userTags,collaborative_support
stylized characters,1,userTags,collaborative_support
styx,1,keywords,collaborative_support
sub culture,1,userTags,collaborative_support
sub pop,1,keywords,collaborative_support
sub titles,1,userTags,collaborative_support
sub-narratives,1,userTags,collaborative_support
subculuture,1,userTags,collaborative_support
subgenre:fairy tale,1,userTags,public
subgenre:kaiju,1,userTags,public
subgenre:makingof (movie),1,userTags,collaborative_support
subgenre:political corruption,1,userTags,collaborative_support
subgenre:screwball,1,userTags,collaborative_support
subgenre:slasher,1,userTags,collaborative_support
subgenre:vampire,1,userTags,collaborative_support
subjective strong,1,userTags,collaborative_support
subjectivity,1,keywords|userTags,collaborative_support
sublime,1,userTags,collaborative_support
sublime soundtrack,1,userTags,collaborative_support
subliminal,1,userTags,collaborative_support
submarine commander,1,keywords,collaborative_support
submarine crew,1,keywords,collaborative_support
submarine warfare,1,keywords,collaborative_support
submarines,1,userTags,collaborative_support
submerged,1,keywords,public
subordination,1,userTags,collaborative_support
subpar,1,userTags,collaborative_support
subpar sound effects for fight scenes,1,userTags,collaborative_support
substance,1,keywords,collaborative_support
subtil,1,userTags,collaborative_support
subtitled,1,userTags,collaborative_support
subtle ending,1,userTags,collaborative_support
subtle humour,1,userTags,collaborative_support
subtle performances,1,userTags,collaborative_support
subtle romance,1,userTags,collaborative_support
suburban horror,1,keywords,public
suburbs,1,userTags,collaborative_support
suburus,1,userTags,public
subway guard,1,keywords,collaborative_support
success is the best revenge,1,userTags,public
success story,1,keywords,public
successful author,1,keywords,collaborative_support
such potential.....such a fail,1,userTags,collaborative_support
sucked into jet engine,1,userTags,collaborative_support
sucker,1,keywords,collaborative_support
sudanese,1,keywords|userTags,public
sudden end of the plot,1,userTags,public
sudden outbursts of enormous beauty,1,userTags,collaborative_support
sudetendeutsch,1,userTags,collaborative_support
sudetenland,1,keywords,collaborative_support
sue price,1,userTags,collaborative_support
suffer,1,userTags,collaborative_support
"suffolk, england",1,keywords,public
suffragettes,1,keywords|userTags,collaborative_support
sufism,1,keywords,collaborative_support
sugar daddy,1,keywords|userTags,collaborative_support
sugar ray,1,userTags,collaborative_support
suicice by jumping off a highway overpass,1,userTags,collaborative_support
suicide attack,1,userTags,collaborative_support
suicide by jumping,1,userTags,collaborative_support
suicide by poison,1,keywords,collaborative_support
suicide by proxy,1,userTags,collaborative_support
suicide hotline,1,keywords|userTags,collaborative_support
suicide investigation,1,keywords,collaborative_support
suicide jump,1,userTags,collaborative_support
suicide letter,1,keywords,collaborative_support
suicide of father,1,keywords,collaborative_support
suicide of husband,1,keywords,collaborative_support
suitable for all ages,1,userTags,public
suitable for kids,1,userTags,public
suki waterhouse,1,userTags,collaborative_support
sumerian culture,1,userTags,collaborative_support
summer camp island,1,keywords,collaborative_support
summer glau,1,userTags,collaborative_support
summer holiday,1,keywords|userTags,collaborative_support
summer phoenix,1,userTags,collaborative_support
summer residence,1,keywords|userTags,collaborative_support
summer school,1,keywords|userTags,collaborative_support
summer setting,1,keywords,public
summer solstice,1,userTags,collaborative_support
sumo,1,keywords,collaborative_support
sun city,1,userTags,collaborative_support
sundance grand jury prize 1994,1,userTags,collaborative_support
sundance grand jury prize: documentary 1991,1,userTags,collaborative_support
sundance grand jury prize: documentary 2003,1,userTags,collaborative_support
sundance grand jury prize: dramatic 1991,1,userTags,collaborative_support
sundance grand jury prize: dramatic 1993,1,userTags,collaborative_support
sundance grand jury prize: dramatic 1999,1,userTags,collaborative_support
sundance grand jury prize: dramatic 2001,1,userTags,collaborative_support
sundance grand jury prize: dramatic 2006,1,userTags,collaborative_support
sundance winner: audience award,1,userTags,public
sunday,1,userTags,public
sunday mass,1,userTags,public
sunflower,1,keywords|userTags,collaborative_support
sung kang,1,userTags,collaborative_support
sunken city,1,keywords,collaborative_support
sunken treasure,1,keywords,public
sunset strip,1,keywords|userTags,public
sunsets,1,keywords,collaborative_support
super 16,1,userTags,collaborative_support
super bowl,1,keywords,collaborative_support
super cars,1,userTags,collaborative_support
super conducting magnet,1,userTags,collaborative_support
super conducting super collider,1,userTags,collaborative_support
super cool,1,userTags,public
super dry,1,userTags,collaborative_support
super funny,1,userTags,collaborative_support
super hero deconstruction,1,userTags,public
super heroes,1,keywords,public
super max prison,1,keywords,collaborative_support
super seducer,1,keywords,collaborative_support
super sentai,1,userTags,collaborative_support
super-natural,1,userTags,collaborative_support
super-soldier,1,userTags,public
superb soundtrack,1,userTags,collaborative_support
superbad rip-off,1,userTags,collaborative_support
superglue,1,keywords|userTags,collaborative_support
superherion,1,userTags,collaborative_support
superhero fantasy,1,userTags,collaborative_support
superhero kids,1,userTags,public
superheroin,1,userTags,collaborative_support
superheros,1,userTags,collaborative_support
superhit,1,userTags,collaborative_support
superhuman abilities,1,keywords,public
superhuman intelligence,1,userTags,collaborative_support
superior sequel,1,userTags,collaborative_support
superman tv show,1,userTags,collaborative_support
supermoon,1,userTags,public
supernatual abilites,1,userTags,collaborative_support
supernatural being,1,keywords,collaborative_support
supernatural child,1,userTags,public
supernatural comedy,1,keywords,collaborative_support
supernatural drama,1,keywords,collaborative_support
supernatural mystery,1,keywords,public
supernatural phenomena,1,keywords,collaborative_support
supernatural pursuit,1,keywords,public
supernatural slasher,1,keywords,collaborative_support
superpowered nazi,1,userTags,collaborative_support
supersize,1,keywords,public
supersteiner,1,keywords,collaborative_support
superstorm,1,keywords,public
supersymetry,1,keywords|userTags,collaborative_support
supersymmetry,1,userTags,collaborative_support
superversive,1,keywords,public
supervillian,1,userTags,collaborative_support
supressed memories,1,userTags,collaborative_support
surf music,1,keywords,public
surfing contest,1,keywords,public
surfistas,1,keywords,collaborative_support
surgery performances,1,userTags,collaborative_support
surgical operation,1,keywords,collaborative_support
surly man,1,keywords,collaborative_support
surogate mother,1,userTags,collaborative_support
surprise endings,1,userTags,collaborative_support
surprise visit,1,keywords,public
surprising ending,1,userTags,collaborative_support
surprising twist,1,userTags,collaborative_support
surprisingly heavy,1,userTags,collaborative_support
surprisingly powerful,1,userTags,collaborative_support
surprisingly serious,1,userTags,collaborative_support
surprisingly touching,1,userTags,collaborative_support
surreal imagery,1,userTags,collaborative_support
surreal world,1,keywords,public
surreal-panos,1,userTags,collaborative_support
surrender,1,keywords|userTags,collaborative_support
surrogate father,1,keywords,public
surrounded,1,keywords|userTags,collaborative_support
surveillance footage,1,keywords,collaborative_support
survey,1,keywords,collaborative_support
survival film,1,keywords,collaborative_support
survival games,1,userTags,collaborative_support
survival story,1,userTags,collaborative_support
survivalism,1,keywords,public
surviving in school,1,keywords,collaborative_support
survivour movie,1,userTags,collaborative_support
susan cella,1,userTags,collaborative_support
susan forristal,1,userTags,collaborative_support
susan lynch,1,userTags,collaborative_support
susan norfleet,1,userTags,collaborative_support
susanne bier,1,userTags,collaborative_support
sushi bar,1,keywords|userTags,public
susie essman,1,userTags,public
suspect husband,1,keywords,collaborative_support
suspended from job,1,keywords,collaborative_support
suspense and mystery,1,userTags,collaborative_support
suspense of disbelief,1,userTags,collaborative_support
suspenseful and sad,1,userTags,collaborative_support
suspension bridge,1,keywords,collaborative_support
suspicious wife,1,keywords|userTags,collaborative_support
suspiciousness,1,keywords,collaborative_support
susrprisingly moving,1,userTags,collaborative_support
sustainable solutions,1,keywords,public
suv,1,keywords,collaborative_support
sven regener,1,userTags,collaborative_support
svært kedeligt opbygget. sad nærmest og driftede ud og ind gennem det meste af filmen,1,userTags,collaborative_support
swahili,1,keywords|userTags,collaborative_support
swampf,1,userTags,collaborative_support
swan,1,keywords|userTags,collaborative_support
swapping body parts,1,userTags,collaborative_support
swastika tattoo,1,userTags,collaborative_support
swearing in kids movie,1,userTags,public
sweat,1,keywords|userTags,collaborative_support
sweatshop,1,keywords,collaborative_support
sweaty,1,keywords,collaborative_support
sweeny todd,1,userTags,public
sweet boobs,1,userTags,collaborative_support
sweet romance,1,userTags,collaborative_support
sweet!,1,userTags,collaborative_support
swept away,1,keywords,public
swift,1,userTags,collaborative_support
swift (bird),1,keywords,collaborative_support
swim meet,1,keywords,collaborative_support
swimmers,1,userTags,collaborative_support
swimming underwater,1,keywords,public
swimsuits,1,userTags,collaborative_support
swimwear,1,keywords|userTags,collaborative_support
swing,1,keywords,public
swing and a miss,1,userTags,public
swing dance,1,userTags,collaborative_support
swing dancing,1,keywords|userTags,collaborative_support
switch,1,userTags,public
switchblade,1,keywords|userTags,collaborative_support
switched at birth,1,keywords|userTags,collaborative_support
swoosie kurtz,1,userTags,collaborative_support
sword and fantasy,1,userTags,public
sword and planet,1,keywords,public
sword and sandals,1,userTags,collaborative_support
sword and shield,1,keywords,collaborative_support
sword battle,1,keywords,collaborative_support
sword making,1,keywords,public
swordfights,1,userTags,public
swords & sandals,1,userTags,collaborative_support
swords and sorcery,1,userTags,collaborative_support
swordswoman,1,keywords,public
sydney pollack acting,1,userTags,collaborative_support
sylistic,1,userTags,collaborative_support
sylvain chomet,1,userTags,public
sylvain white,1,userTags,collaborative_support
sylvia plath,1,userTags,collaborative_support
sylvia plath life and suicide,1,userTags,collaborative_support
symbiotic,1,keywords,collaborative_support
symbology,1,keywords,collaborative_support
sympathetic characters,1,userTags,collaborative_support
sympathetic cop,1,userTags,collaborative_support
sympathy,1,keywords|userTags,collaborative_support
symphony,1,keywords|userTags,collaborative_support
symphony orchestra,1,keywords,collaborative_support
symphoriphilia,1,keywords,collaborative_support
synaesthesia,1,userTags,public
synchronic,1,userTags,collaborative_support
synchronized swimming,1,keywords|userTags,collaborative_support
syndicate,1,userTags,collaborative_support
synesthesia,1,userTags,public
synth music,1,userTags,collaborative_support
synthesizer soundtrack,1,userTags,collaborative_support
synthetic,1,keywords,public
synthetic android,1,keywords,collaborative_support
synthetic human,1,keywords,collaborative_support
synthpop,1,userTags,collaborative_support
synthwave,1,userTags,collaborative_support
syphilis,1,keywords,collaborative_support
syracuse,1,userTags,collaborative_support
syracuse new york,1,userTags,collaborative_support
"syracuse, new york",1,keywords,collaborative_support
syrian refugee,1,keywords,collaborative_support
syrup chugging,1,userTags,collaborative_support
systemic police corruption,1,userTags,collaborative_support
systemic poverty,1,userTags,collaborative_support
systemic racism,1,userTags,collaborative_support
sã©bastien huberdeau,1,userTags,collaborative_support
sã¶nke wortmann,1,userTags,collaborative_support
t-rex,1,userTags,collaborative_support
t.c. stallings,1,userTags,public
t.j. lowther,1,userTags,collaborative_support
t.j. miller,1,userTags,collaborative_support
taare zameen par,1,userTags,public
taboo relationship,1,userTags,collaborative_support
taboo relationships,1,userTags,collaborative_support
taco bell,1,userTags,collaborative_support
tacoma,1,keywords,collaborative_support
tacos,1,userTags,collaborative_support
tactical command unit,1,keywords,collaborative_support
tactical team,1,userTags,collaborative_support
tactile,1,userTags,collaborative_support
tadanobu asano,1,userTags,collaborative_support
tae kwon do,1,userTags,collaborative_support
tag,1,userTags,collaborative_support
tageszeitung,1,userTags,collaborative_support
tahar rahim,1,userTags,collaborative_support
tahrir,1,userTags,collaborative_support
tail,1,userTags,public
tailor shop,1,userTags,collaborative_support
taiping,1,userTags,collaborative_support
taissa farmiga,1,userTags,collaborative_support
taiwanese,1,keywords,collaborative_support
takao osawa,1,userTags,collaborative_support
take a great story and destroy is was the motto for this film.,1,userTags,public
taken advantage of,1,keywords,collaborative_support
taken but on a train,1,userTags,collaborative_support
taken for granted,1,keywords,collaborative_support
takeover,1,userTags,public
takes too long to get into the plot,1,userTags,collaborative_support
takeshi koike,1,userTags,public
takeshi nozue,1,userTags,public
taking a bath,1,userTags,collaborative_support
taking care of siblings,1,keywords,collaborative_support
taking credit for other's work,1,userTags,collaborative_support
taking justice into own hands,1,userTags,collaborative_support
taking picture,1,userTags,collaborative_support
taking responsibility,1,keywords,public
taking resposibility,1,keywords|userTags,public
taking a picture,1,keywords,collaborative_support
talent agent,1,keywords,collaborative_support
talent-scout,1,userTags,public
talented,1,userTags,collaborative_support
talented artist,1,userTags,collaborative_support
talentless,1,userTags,collaborative_support
tales from the crypt,1,userTags,collaborative_support
tales of the four seasons,1,userTags,collaborative_support
talisman,1,keywords|userTags,collaborative_support
talk,1,userTags,public
talk only,1,userTags,collaborative_support
talk show host,1,userTags,collaborative_support
"talk, talk, talk",1,keywords,public
talking babies,1,userTags,collaborative_support
talking baby,1,userTags,collaborative_support
talking car,1,keywords|userTags,public
talking heads,1,userTags,collaborative_support
talking mouse,1,userTags,collaborative_support
talking robot,1,keywords,collaborative_support
talking stone heads,1,userTags,public
talking to the audience,1,userTags,collaborative_support
talking to the deads,1,userTags,collaborative_support
talks too fast,1,userTags,public
talky but with no substance,1,userTags,collaborative_support
tall ship,1,keywords,collaborative_support
tall tales,1,userTags,public
talulah riley,1,userTags,collaborative_support
tambourine,1,keywords,public
tame,1,userTags,collaborative_support
tamil,1,userTags,collaborative_support
tamiya terashima,1,userTags,collaborative_support
tampa fl,1,userTags,collaborative_support
tangentopoli,1,keywords,collaborative_support
tangerine,1,keywords|userTags,collaborative_support
tangier morocco,1,keywords,collaborative_support
"tangier, morocco",1,userTags,public
tank battle,1,keywords,collaborative_support
tanks,1,keywords|userTags,collaborative_support
tantra,1,keywords|userTags,collaborative_support
tanzania,1,userTags,collaborative_support
taoism,1,userTags,public
tap dance,1,userTags,collaborative_support
tape over mouth,1,userTags,public
tapping collective shadow,1,userTags,collaborative_support
tara strong,1,userTags,collaborative_support
taral hicks,1,userTags,collaborative_support
taraneh alidoosti,1,keywords|userTags,collaborative_support
tarantino like,1,userTags,collaborative_support
tarantula,1,keywords|userTags,collaborative_support
tardi,1,userTags,collaborative_support
tardis,1,keywords,collaborative_support
target,1,userTags,collaborative_support
targeted violence,1,keywords,collaborative_support
tarryn manning,1,userTags,collaborative_support
tarsus club,1,userTags,collaborative_support
task force,1,keywords,public
tasmanian tiger,1,keywords|userTags,collaborative_support
tasse de chocolat,1,userTags,collaborative_support
tasteful,1,userTags,collaborative_support
tasteless humor,1,userTags,collaborative_support
tastelessness,1,userTags,collaborative_support
tasty food,1,keywords,public
tate donovan,1,userTags,collaborative_support
tate taylor,1,userTags,public
tatoo,1,userTags,collaborative_support
tattoed woman,1,keywords,collaborative_support
tattoo artist,1,keywords,collaborative_support
tattooed by gang,1,keywords,collaborative_support
tatum mccann,1,userTags,public
tatăl,1,keywords,collaborative_support
tauchen,1,userTags,collaborative_support
tavern fight,1,keywords,public
tax collector,1,keywords,collaborative_support
tax inspector,1,keywords|userTags,collaborative_support
taxi cabs,1,userTags,collaborative_support
taxi dancer,1,keywords,collaborative_support
taxi driver thematic,1,userTags,collaborative_support
taxi drivers,1,userTags,collaborative_support
taxi hijacked,1,userTags,collaborative_support
taxi ride,1,keywords,collaborative_support
taylor john smith,1,userTags,collaborative_support
taylor momsen,1,userTags,public
taylor nichols,1,userTags,collaborative_support
taylor schilling,1,userTags,collaborative_support
taylor sheridan,1,userTags,collaborative_support
taylor swift,1,userTags,public
tdft,1,userTags,collaborative_support
te_continuacio,1,userTags,collaborative_support
tea drinking,1,userTags,public
tea kettle,1,userTags,collaborative_support
tea leoni,1,userTags,collaborative_support
teacher as protagonist,1,userTags,public
teacher for the deaf,1,keywords,collaborative_support
teacher hero,1,keywords|userTags,public
teacher student sex,1,userTags,collaborative_support
teaching the ways of the world,1,userTags,collaborative_support
team action,1,userTags,collaborative_support
team owner,1,keywords,public
team up,1,userTags,collaborative_support
teammate,1,keywords,public
tear gas,1,keywords|userTags,collaborative_support
tear on cheek,1,userTags,collaborative_support
tear-jerker,1,userTags,collaborative_support
tearful ending,1,userTags,public
tearing up a bank check,1,userTags,collaborative_support
teatral,1,userTags,collaborative_support
tech,1,userTags,collaborative_support
tech billionarie,1,userTags,public
tech giant,1,userTags,public
tech thriller,1,userTags,collaborative_support
technical brilliance,1,userTags,collaborative_support
technicians,1,keywords,collaborative_support
techno,1,userTags,collaborative_support
techno music,1,keywords,collaborative_support
technobabble,1,userTags,collaborative_support
technological evolution,1,keywords,collaborative_support
technophobic,1,userTags,collaborative_support
tecnología,1,keywords,public
ted,1,userTags,collaborative_support
ted bundy,1,userTags,collaborative_support
ted levine,1,userTags,collaborative_support
ted ludzik,1,userTags,public
teen anger,1,keywords,collaborative_support
teen appeal,1,userTags,collaborative_support
teen drinking,1,userTags,collaborative_support
teen girl,1,userTags,public
teen induced angst overdose,1,userTags,collaborative_support
teen indulgence,1,userTags,collaborative_support
teen killers,1,keywords,collaborative_support
teen nudity,1,userTags,collaborative_support
teen party,1,userTags,collaborative_support
teen playing kid,1,keywords,collaborative_support
teen rape,1,userTags,collaborative_support
teen relationships,1,userTags,public
teen runaway,1,keywords,collaborative_support
teen secrets,1,userTags,public
teen sex,1,userTags,collaborative_support
teen slang,1,userTags,collaborative_support
teen slasher,1,userTags,collaborative_support
teen social issues,1,keywords,public
teen titans go,1,userTags,public
teenage children,1,keywords,collaborative_support
teenage friendship,1,keywords,public
teenage girls,1,userTags,collaborative_support
teenage mortality,1,keywords|userTags,collaborative_support
teenage mutant ninja turtles,1,userTags,collaborative_support
teenage runaway,1,userTags,collaborative_support
teenage superhero,1,userTags,public
teenage years,1,userTags,collaborative_support
teenager love,1,userTags,collaborative_support
teengers,1,userTags,public
teenmovie,1,userTags,public
teeth,1,keywords,collaborative_support
teflon,1,userTags,collaborative_support
tehran iran,1,userTags,collaborative_support
"tehran, iran",1,userTags,collaborative_support
tejano,1,userTags,collaborative_support
"tel aviv, israel",1,keywords,collaborative_support
telecine,1,userTags,collaborative_support
telecontrol,1,keywords,collaborative_support
telekinetic,1,userTags,public
telemarketer,1,keywords,collaborative_support
telemarketing,1,keywords|userTags,collaborative_support
telepath,1,userTags,public
telephone conversation,1,userTags,collaborative_support
teleportation ability,1,keywords,public
teleprompter,1,keywords,public
television / tv studio,1,keywords,collaborative_support
television and film producer,1,keywords,collaborative_support
television host,1,keywords,public
television journalist,1,keywords,public
television repair,1,keywords,collaborative_support
